{
    "farms": [
        {
            "name":"Fazenda 1",
            "geometry":{
                "type":"Polygon",
                "coordinates":[
                    [
                        [
                        -48.510990142822266,
                        -27.592892080886568
                        ],
                        [
                        -48.51244926452636,
                        -27.599661959066744
                        ],
                        [
                        -48.50918769836426,
                        -27.599205575928863
                        ],
                        [
                        -48.50832939147949,
                        -27.592968149256045
                        ],
                        [
                        -48.510990142822266,
                        -27.592892080886568
                        ]
                    ]
                ]
            },
            "area":10,
            "centroid":[
                -48.51030349731445,
                -27.596162973111102
            ],
            "owner_id":1
        }
    ],
    "owners": [
        {
            "id": 1,
            "name": "Dono 1",
            "document": "111.111.111-11",
            "document_type": "CPF"
        }
    ]
}